序号	开始	结束	时长秒	时间依据	脚本	片段	镜头	漫画来源	气泡	中文原文	OCR置信度	匹配置信度	文字裁片复核
1	00:00:03,160	00:00:04,155	0.995	脚本	第五集_结构化分镜脚本_gen2_全量重置版_R18主版_附平台安全替换.md	1	2	ep-005\source\monochrome-panels\第5話_01_002.jpg	0	完事了？	0.906	0.86	
2	00:00:04,225	00:00:06,880	2.655	脚本	第五集_结构化分镜脚本_gen2_全量重置版_R18主版_附平台安全替换.md	1	2	ep-005\source\monochrome-panels\第5話_01_002.jpg	0	我以为你还要一会…	0.906	0.86	
3	00:00:07,160	00:00:07,768	0.608	脚本	第五集_结构化分镜脚本_gen2_全量重置版_R18主版_附平台安全替换.md	1	3	ep-005\source\monochrome-panels\第5話_01_002.jpg	1	不是	0.9999	0.84	
4	00:00:07,838	00:00:10,880	3.042	脚本	第五集_结构化分镜脚本_gen2_全量重置版_R18主版_附平台安全替换.md	1	3	ep-005\source\monochrome-panels\第5話_01_002.jpg	2	这玩意不持久我留着很急的时候用	0.9983	0.884	
5	00:00:11,160	00:00:15,136	3.976	脚本	第五集_结构化分镜脚本_gen2_全量重置版_R18主版_附平台安全替换.md	2	1	ep-005\source\monochrome-panels\第5話_01_003.jpg	0	诶多…这次冒险你也像我一样没啥要紧事做吗？	0.8535	0.864	已复核
6	00:00:15,206	00:00:16,880	1.674	脚本	第五集_结构化分镜脚本_gen2_全量重置版_R18主版_附平台安全替换.md	2	1	ep-005\source\monochrome-panels\第5話_01_003.jpg	1	还是说你家在附近？	0.9956	0.885	
7	00:00:17,160	00:00:17,697	0.537	脚本	第五集_结构化分镜脚本_gen2_全量重置版_R18主版_附平台安全替换.md	2	2	ep-005\source\monochrome-panels\第5話_01_004.jpg	0	我家啊…	0.9686	0.867	
8	00:00:17,767	00:00:20,094	2.327	脚本	第五集_结构化分镜脚本_gen2_全量重置版_R18主版_附平台安全替换.md	2	2	ep-005\source\monochrome-panels\第5話_01_004.jpg	1	我出门一般几个月才回去一次	0.9998	0.865	
9	00:00:20,164	00:00:20,880	0.716	脚本	第五集_结构化分镜脚本_gen2_全量重置版_R18主版_附平台安全替换.md	2	2	ep-005\source\monochrome-panels\第5話_01_004.jpg	2	问这干啥？	0.982	0.825	
10	00:00:21,160	00:00:24,880	3.72	脚本	第五集_结构化分镜脚本_gen2_全量重置版_R18主版_附平台安全替换.md	2	3	ep-005\source\monochrome-panels\第5話_01_004.jpg	3	哈哈…我迷路了来着	0.7857	0.881	已复核
11	00:00:25,160	00:00:30,880	5.72	脚本	第五集_结构化分镜脚本_gen2_全量重置版_R18主版_附平台安全替换.md	3	1	ep-005\source\monochrome-panels\第5話_01_005.jpg	0	越过那座山，你能看到一块长得像鸡鸡的大石头就在那右转然后一直走	0.9402	0.862	
12	00:00:31,150	00:00:33,880	2.73	脚本	第五集_结构化分镜脚本_gen2_全量重置版_R18主版_附平台安全替换.md	3	2	ep-005\source\monochrome-panels\第5話_01_005.jpg	1	鸡…说啥呢这是	0.9178	0.889	
13	00:00:34,160	00:00:36,756	2.596	脚本	第五集_结构化分镜脚本_gen2_全量重置版_R18主版_附平台安全替换.md	3	3	ep-005\source\monochrome-panels\第5話_02_001.jpg	0	话说回来这一路上你遇到的魔物不少吧？	0.9845	0.903	
14	00:00:36,826	00:00:39,880	3.054	脚本	第五集_结构化分镜脚本_gen2_全量重置版_R18主版_附平台安全替换.md	3	3	ep-005\source\monochrome-panels\第5話_02_001.jpg	1	不…大多只是在书上看到过路上碰到的寥寥无几	0.8725	0.889	
15	00:00:40,150	00:00:42,880	2.73	脚本	第五集_结构化分镜脚本_gen2_全量重置版_R18主版_附平台安全替换.md	4	1	ep-005\source\monochrome-panels\第5話_02_002.jpg	0	魔物可不是路边货啊	0.9988	0.906	
16	00:00:43,160	00:00:46,317	3.157	脚本	第五集_结构化分镜脚本_gen2_全量重置版_R18主版_附平台安全替换.md	4	2	ep-005\source\monochrome-panels\第5話_02_003.jpg	0	你很幸运小姑娘没准你有吸引怪物的才能呢	0.9912	0.879	
17	00:00:46,387	00:00:48,880	2.493	脚本	第五集_结构化分镜脚本_gen2_全量重置版_R18主版_附平台安全替换.md	4	2	ep-005\source\monochrome-panels\第5話_02_003.jpg	1	在短短半天里你就遇到了两种魔物	0.9947	0.891	
18	00:00:49,160	00:00:50,985	1.825	脚本	第五集_结构化分镜脚本_gen2_全量重置版_R18主版_附平台安全替换.md	4	3	ep-005\source\monochrome-panels\第5話_02_004.jpg	0	想要吃猎杀魔物这口饭	0.993	0.876	
19	00:00:51,055	00:00:52,880	1.825	脚本	第五集_结构化分镜脚本_gen2_全量重置版_R18主版_附平台安全替换.md	4	3	ep-005\source\monochrome-panels\第5話_02_004.jpg	2	你还得接着学啊小姑娘	0.9965	0.856	
20	00:00:55,160	00:00:56,409	1.249	脚本	第五集_结构化分镜脚本_gen2_全量重置版_R18主版_附平台安全替换.md	5	2	ep-005\source\monochrome-panels\第5話_03_002.jpg	0	干嘛呀？	0.9459	0.847	
21	00:00:56,479	00:00:58,145	1.666	脚本	第五集_结构化分镜脚本_gen2_全量重置版_R18主版_附平台安全替换.md	5	2	ep-005\source\monochrome-panels\第5話_03_002.jpg	1	一起走呗！	0.9708	0.885	
22	00:00:58,215	00:00:59,880	1.665	脚本	第五集_结构化分镜脚本_gen2_全量重置版_R18主版_附平台安全替换.md	5	2	ep-005\source\monochrome-panels\第5話_03_002.jpg	2	为啥我要…	0.9478	0.904	
23	00:01:00,160	00:01:04,880	4.72	脚本	第五集_结构化分镜脚本_gen2_全量重置版_R18主版_附平台安全替换.md	5	3	ep-005\source\monochrome-panels\第5話_03_003.jpg	1	你很会扣吗？	0.9766	0.786	
24	00:01:05,100	00:01:06,325	1.225	脚本	第五集_结构化分镜脚本_gen2_全量重置版_R18主版_附平台安全替换.md	5	4	ep-005\source\monochrome-panels\第5話_03_003.jpg	0	噢…难道你好这口？	0.9703	0.802	
25	00:01:06,395	00:01:06,920	0.525	脚本	第五集_结构化分镜脚本_gen2_全量重置版_R18主版_附平台安全替换.md	5	4	ep-005\source\monochrome-panels\第5話_03_003.jpg	2	才不是！	0.9747	0.85	
26	00:01:07,160	00:01:08,653	1.493	脚本	第五集_结构化分镜脚本_gen2_全量重置版_R18主版_附平台安全替换.md	6	1	ep-005\source\monochrome-panels\第5話_03_004.jpg	0	魔物很喜欢袭击我呢	0.9955	0.903	
27	00:01:08,723	00:01:10,880	2.157	脚本	第五集_结构化分镜脚本_gen2_全量重置版_R18主版_附平台安全替换.md	6	1	ep-005\source\monochrome-panels\第5話_03_004.jpg	1	你想狩猎的话我的作用很大哦	0.9843	0.891	
28	00:01:11,160	00:01:13,382	2.222	脚本	第五集_结构化分镜脚本_gen2_全量重置版_R18主版_附平台安全替换.md	6	2	ep-005\source\monochrome-panels\第5話_04_001.jpg	0	你来教我魔物的情报和战利品的值钱之处	0.9965	0.881	
29	00:01:13,452	00:01:14,193	0.741	脚本	第五集_结构化分镜脚本_gen2_全量重置版_R18主版_附平台安全替换.md	6	2	ep-005\source\monochrome-panels\第5話_04_001.jpg	1	我们搭伙狩猎	0.9828	0.841	
30	00:01:14,263	00:01:14,880	0.617	脚本	第五集_结构化分镜脚本_gen2_全量重置版_R18主版_附平台安全替换.md	6	2	ep-005\source\monochrome-panels\第5話_04_001.jpg	2	分享战利品	0.9996	0.853	
31	00:01:15,150	00:01:16,037	0.887	脚本	第五集_结构化分镜脚本_gen2_全量重置版_R18主版_附平台安全替换.md	6	3	ep-005\source\monochrome-panels\第5話_04_002.jpg	0	“分享”？	0.9414	0.839	
32	00:01:16,107	00:01:17,880	1.773	脚本	第五集_结构化分镜脚本_gen2_全量重置版_R18主版_附平台安全替换.md	6	3	ep-005\source\monochrome-panels\第5話_04_002.jpg	0	这可不太卫生	0.9414	0.839	
33	00:01:18,160	00:01:19,851	1.691	脚本	第五集_结构化分镜脚本_gen2_全量重置版_R18主版_附平台安全替换.md	6	4	ep-005\source\monochrome-panels\第5話_04_002.jpg	1	为啥我要用二手的？	0.9814	0.868	
34	00:01:19,921	00:01:22,880	2.959	脚本	第五集_结构化分镜脚本_gen2_全量重置版_R18主版_附平台安全替换.md	6	4	ep-005\source\monochrome-panels\第5話_04_002.jpg	2	你这人…我才不想用那些东西自慰	0.8	0.867	已复核
35	00:01:25,150	00:01:25,654	0.504	脚本	第五集_结构化分镜脚本_gen2_全量重置版_R18主版_附平台安全替换.md	7	3	ep-005\source\monochrome-panels\第5話_04_005.jpg	0	啊！	0.9325	0.857	
36	00:01:25,724	00:01:26,228	0.504	脚本	第五集_结构化分镜脚本_gen2_全量重置版_R18主版_附平台安全替换.md	7	3	ep-005\source\monochrome-panels\第5話_04_005.jpg	0	那啥…	0.9325	0.857	
37	00:01:26,298	00:01:26,970	0.672	脚本	第五集_结构化分镜脚本_gen2_全量重置版_R18主版_附平台安全替换.md	7	3	ep-005\source\monochrome-panels\第5話_04_005.jpg	1	合作愉快！	0.9694	0.883	
38	00:01:27,040	00:01:27,880	0.84	脚本	第五集_结构化分镜脚本_gen2_全量重置版_R18主版_附平台安全替换.md	7	3	ep-005\source\monochrome-panels\第5話_04_005.jpg	2	一起加油吧！	0.9696	0.87	
39	00:01:32,160	00:01:33,136	0.976	脚本	第五集_结构化分镜脚本_gen2_全量重置版_R18主版_附平台安全替换.md	7	6	ep-005\source\monochrome-panels\第5話_05_003.jpg	0	搞毛啊！	0.9426	0.865	
40	00:01:33,206	00:01:34,183	0.977	脚本	第五集_结构化分镜脚本_gen2_全量重置版_R18主版_附平台安全替换.md	7	6	ep-005\source\monochrome-panels\第5話_05_003.jpg	1	说话！	0.9814	0.876	
41	00:01:34,253	00:01:35,880	1.627	脚本	第五集_结构化分镜脚本_gen2_全量重置版_R18主版_附平台安全替换.md	7	6	ep-005\source\monochrome-panels\第5話_05_003.jpg	2	朋友费(押金)	0.9919	0.911	
42	00:01:36,160	00:01:37,432	1.272	脚本	第五集_结构化分镜脚本_gen2_全量重置版_R18主版_附平台安全替换.md	8	1	ep-005\source\monochrome-panels\第5話_05_004.jpg	0	想让我信你	0.9998	0.829	
43	00:01:37,502	00:01:38,774	1.272	脚本	第五集_结构化分镜脚本_gen2_全量重置版_R18主版_附平台安全替换.md	8	1	ep-005\source\monochrome-panels\第5話_05_004.jpg	1	给点甜头先	0.9997	0.857	
44	00:01:38,844	00:01:40,880	2.036	脚本	第五集_结构化分镜脚本_gen2_全量重置版_R18主版_附平台安全替换.md	8	1	ep-005\source\monochrome-panels\第5話_05_004.jpg	2	切…挺精明的这不是	0.9044	0.84	
45	00:01:41,160	00:01:42,487	1.327	脚本	第五集_结构化分镜脚本_gen2_全量重置版_R18主版_附平台安全替换.md	8	2	ep-005\source\monochrome-panels\第5話_05_005.jpg	0	等会儿啊	0.9996	0.81	
46	00:01:42,557	00:01:44,880	2.323	脚本	第五集_结构化分镜脚本_gen2_全量重置版_R18主版_附平台安全替换.md	8	2	ep-005\source\monochrome-panels\第5話_05_005.jpg	1	身上没多少钱了…	0.8453	0.843	已复核
47	00:01:45,160	00:01:48,880	3.72	脚本	第五集_结构化分镜脚本_gen2_全量重置版_R18主版_附平台安全替换.md	8	3	ep-005\source\monochrome-panels\第5話_06_001.jpg	0	找到了这玩意成不成？	0.9642	0.846	
48	00:01:49,160	00:01:51,382	2.222	脚本	第五集_结构化分镜脚本_gen2_全量重置版_R18主版_附平台安全替换.md	9	1	ep-005\source\monochrome-panels\第5話_06_002.jpg	0	避难洞屋的分泌液…你从哪弄来的？	0.9509	0.913	
49	00:01:51,452	00:01:52,880	1.428	脚本	第五集_结构化分镜脚本_gen2_全量重置版_R18主版_附平台安全替换.md	9	1	ep-005\source\monochrome-panels\第5話_06_002.jpg	1	我说了我很招魔物吧？	0.9616	0.878	
50	00:01:53,150	00:01:55,880	2.73	脚本	第五集_结构化分镜脚本_gen2_全量重置版_R18主版_附平台安全替换.md	9	2	ep-005\source\monochrome-panels\第5話_06_002.jpg	2	这个一般只有专业猎手才搞得到	0.9991	0.856	
51	00:01:56,160	00:01:57,529	1.369	脚本	第五集_结构化分镜脚本_gen2_全量重置版_R18主版_附平台安全替换.md	9	3	ep-005\source\monochrome-panels\第5話_06_003.jpg	0	行吧	0.9998	0.826	
52	00:01:57,599	00:01:59,880	2.281	脚本	第五集_结构化分镜脚本_gen2_全量重置版_R18主版_附平台安全替换.md	9	3	ep-005\source\monochrome-panels\第5話_06_003.jpg	1	我暂且加入	0.9999	0.835	
53	00:02:00,160	00:02:01,634	1.474	脚本	第五集_结构化分镜脚本_gen2_全量重置版_R18主版_附平台安全替换.md	9	4	ep-005\source\monochrome-panels\第5話_06_004.jpg	0	战利品我要先挑	0.9976	0.901	
54	00:02:01,704	00:02:02,336	0.632	脚本	第五集_结构化分镜脚本_gen2_全量重置版_R18主版_附平台安全替换.md	9	4	ep-005\source\monochrome-panels\第5話_06_004.jpg	1	成交？	0.9605	0.816	
55	00:02:02,406	00:02:03,880	1.474	脚本	第五集_结构化分镜脚本_gen2_全量重置版_R18主版_附平台安全替换.md	9	4	ep-005\source\monochrome-panels\第5話_06_004.jpg	2	我…我无所谓来着！	0.9665	0.853	
56	00:02:04,160	00:02:07,880	3.72	脚本	第五集_结构化分镜脚本_gen2_全量重置版_R18主版_附平台安全替换.md	10	1	ep-005\source\monochrome-panels\第5話_07_001.jpg	0	反正她也只要能满足她奇怪性癖的战利品…	0.9336	0.874	
57	00:02:08,150	00:02:10,880	2.73	脚本	第五集_结构化分镜脚本_gen2_全量重置版_R18主版_附平台安全替换.md	10	2	ep-005\source\monochrome-panels\第5話_07_001.jpg	1	我拿剩下的就行…	0.9255	0.876	
58	00:02:15,160	00:02:17,125	1.965	脚本	第五集_结构化分镜脚本_gen2_全量重置版_R18主版_附平台安全替换.md	11	2	ep-005\source\monochrome-panels\第5話_07_004.jpg	0	这…这风景真漂亮！	0.9534	0.877	
59	00:02:17,195	00:02:18,880	1.685	脚本	第五集_结构化分镜脚本_gen2_全量重置版_R18主版_附平台安全替换.md	11	2	ep-005\source\monochrome-panels\第5話_07_004.jpg	1	住这会很贵吧	0.9994	0.85	
60	00:02:19,160	00:02:19,912	0.752	脚本	第五集_结构化分镜脚本_gen2_全量重置版_R18主版_附平台安全替换.md	11	3	ep-005\source\monochrome-panels\第5話_07_005.jpg	0	要两间房	0.9998	0.875	
61	00:02:19,982	00:02:22,612	2.63	脚本	第五集_结构化分镜脚本_gen2_全量重置版_R18主版_附平台安全替换.md	11	3	ep-005\source\monochrome-panels\第5話_07_005.jpg	1	好的还有什么可以为您服务的吗？	0.9611	0.831	
62	00:02:22,682	00:02:23,246	0.564	脚本	第五集_结构化分镜脚本_gen2_全量重置版_R18主版_附平台安全替换.md	11	3	ep-005\source\monochrome-panels\第5話_07_005.jpg	2	不用了	0.9999	0.868	
63	00:02:23,316	00:02:23,880	0.564	脚本	第五集_结构化分镜脚本_gen2_全量重置版_R18主版_附平台安全替换.md	11	3	ep-005\source\monochrome-panels\第5話_07_005.jpg	3	啥？	0.9024	0.847	
64	00:02:24,160	00:02:25,291	1.131	脚本	第五集_结构化分镜脚本_gen2_全量重置版_R18主版_附平台安全替换.md	12	1	ep-005\source\monochrome-panels\第5話_08_001.jpg	0	你要了两间房？	0.966	0.875	
65	00:02:25,361	00:02:26,114	0.753	脚本	第五集_结构化分镜脚本_gen2_全量重置版_R18主版_附平台安全替换.md	12	1	ep-005\source\monochrome-panels\第5話_08_001.jpg	0	太浪费了！	0.966	0.875	
66	00:02:26,184	00:02:27,880	1.696	脚本	第五集_结构化分镜脚本_gen2_全量重置版_R18主版_附平台安全替换.md	12	1	ep-005\source\monochrome-panels\第5話_08_001.jpg	1	都是姑娘一起挤挤呗	0.9979	0.847	
67	00:02:28,160	00:02:29,019	0.859	脚本	第五集_结构化分镜脚本_gen2_全量重置版_R18主版_附平台安全替换.md	12	2	ep-005\source\monochrome-panels\第5話_08_002.jpg	0	我才不要	0.9999	0.792	
68	00:02:29,089	00:02:31,880	2.791	脚本	第五集_结构化分镜脚本_gen2_全量重置版_R18主版_附平台安全替换.md	12	2	ep-005\source\monochrome-panels\第5話_08_002.jpg	1	都来到这了我要尝尝当地特色	0.9989	0.89	
69	00:02:32,160	00:02:35,880	3.72	脚本	第五集_结构化分镜脚本_gen2_全量重置版_R18主版_附平台安全替换.md	12	3	ep-005\source\monochrome-panels\第5話_08_003.jpg	0	你去吃啥非要开两间房…	0.9526	0.863	
70	00:02:36,150	00:02:37,013	0.863	脚本	第五集_结构化分镜脚本_gen2_全量重置版_R18主版_附平台安全替换.md	12	4	ep-005\source\monochrome-panels\第5話_08_004.jpg	0	啊…！	0.9444	0.866	
71	00:02:37,083	00:02:37,947	0.864	脚本	第五集_结构化分镜脚本_gen2_全量重置版_R18主版_附平台安全替换.md	12	4	ep-005\source\monochrome-panels\第5話_08_004.jpg	0	我懂了！	0.9444	0.866	
72	00:02:38,017	00:02:38,880	0.863	脚本	第五集_结构化分镜脚本_gen2_全量重置版_R18主版_附平台安全替换.md	12	4	ep-005\source\monochrome-panels\第5話_08_004.jpg	0	你去吧！	0.9444	0.866	
73	00:02:39,160	00:02:40,245	1.085	脚本	第五集_结构化分镜脚本_gen2_全量重置版_R18主版_附平台安全替换.md	13	1	ep-005\source\monochrome-panels\第5話_09_001.jpg	0	老娘要去找男人。	0.9696	0.838	
74	00:02:40,315	00:02:43,880	3.565	脚本	第五集_结构化分镜脚本_gen2_全量重置版_R18主版_附平台安全替换.md	13	1	ep-005\source\monochrome-panels\第5話_09_001.jpg	1	有人和我说和这边的男人做爱比放章鱼在下面钻还爽	0.9984	0.861	
75	00:02:44,160	00:02:44,970	0.81	脚本	第五集_结构化分镜脚本_gen2_全量重置版_R18主版_附平台安全替换.md	13	2	ep-005\source\monochrome-panels\第5話_09_001.jpg	0	你懂啥了你懂？	0.9696	0.827	
76	00:02:45,040	00:02:45,445	0.405	脚本	第五集_结构化分镜脚本_gen2_全量重置版_R18主版_附平台安全替换.md	13	2	ep-005\source\monochrome-panels\第5話_09_001.jpg	2	口住啊！！	0.9657	0.867	
77	00:02:45,515	00:02:46,460	0.945	脚本	第五集_结构化分镜脚本_gen2_全量重置版_R18主版_附平台安全替换.md	13	2	ep-005\source\monochrome-panels\第5話_09_001.jpg	3	我想的就是这个！	0.9906	0.882	
78	00:02:46,530	00:02:47,880	1.35	脚本	第五集_结构化分镜脚本_gen2_全量重置版_R18主版_附平台安全替换.md	13	2	ep-005\source\monochrome-panels\第5話_09_001.jpg	4	在外面说话好歹收敛点	0.8403	0.869	已复核
79	00:02:48,100	00:02:49,100	1.0	脚本	第五集_结构化分镜脚本_gen2_全量重置版_R18主版_附平台安全替换.md	13	3	ep-005\source\monochrome-panels\第5話_09_002.jpg	0	那个…客人？	0.785	0.924	已复核
80	00:02:49,170	00:02:49,920	0.75	脚本	第五集_结构化分镜脚本_gen2_全量重置版_R18主版_附平台安全替换.md	13	3	ep-005\source\monochrome-panels\第5話_09_002.jpg	1	啊！	0.9691	0.847	
81	00:02:50,160	00:02:50,971	0.811	脚本	第五集_结构化分镜脚本_gen2_全量重置版_R18主版_附平台安全替换.md	13	4	ep-005\source\monochrome-panels\第5話_09_002.jpg	1	抱歉抱歉	0.9691	0.839	
82	00:02:51,041	00:02:53,880	2.839	脚本	第五集_结构化分镜脚本_gen2_全量重置版_R18主版_附平台安全替换.md	13	4	ep-005\source\monochrome-panels\第5話_09_002.jpg	2	她肯定是寂寞太久开始说疯话了！	0.989	0.876	
83	00:02:54,160	00:02:57,134	2.974	脚本	第五集_结构化分镜脚本_gen2_全量重置版_R18主版_附平台安全替换.md	14	1	ep-005\source\monochrome-panels\第5話_09_003.jpg	0	我建议你去找住在码头红色屋顶房子里的那个男人。	0.9681	0.892	
84	00:02:57,204	00:02:57,880	0.676	脚本	第五集_结构化分镜脚本_gen2_全量重置版_R18主版_附平台安全替换.md	14	1	ep-005\source\monochrome-panels\第5話_09_003.jpg	2	他很会做哦	0.9958	0.835	
85	00:02:58,160	00:03:02,880	4.72	脚本	第五集_结构化分镜脚本_gen2_全量重置版_R18主版_附平台安全替换.md	14	2	ep-005\source\monochrome-panels\第5話_09_003.jpg	1	我老公出差的时候我也麻烦了他几次	0.998	0.861	
86	00:03:03,150	00:03:05,880	2.73	脚本	第五集_结构化分镜脚本_gen2_全量重置版_R18主版_附平台安全替换.md	14	3	ep-005\source\monochrome-panels\第5話_10_001.jpg	0	店长推荐。	0.9991	0.872	
87	00:03:06,150	00:03:07,148	0.998	脚本	第五集_结构化分镜脚本_gen2_全量重置版_R18主版_附平台安全替换.md	15	1	ep-005\source\monochrome-panels\第5話_10_002.jpg	0	明天见	0.9992	0.83	
88	00:03:07,218	00:03:08,880	1.662	脚本	第五集_结构化分镜脚本_gen2_全量重置版_R18主版_附平台安全替换.md	15	1	ep-005\source\monochrome-panels\第5話_10_002.jpg	1	房费我付了	0.9998	0.865	
89	00:03:09,150	00:03:10,480	1.33	脚本	第五集_结构化分镜脚本_gen2_全量重置版_R18主版_附平台安全替换.md	15	2	ep-005\source\monochrome-panels\第5話_10_002.jpg	2	啊…当真？	0.8975	0.862	
90	00:03:10,550	00:03:11,880	1.33	脚本	第五集_结构化分镜脚本_gen2_全量重置版_R18主版_附平台安全替换.md	15	2	ep-005\source\monochrome-panels\第5話_10_002.jpg	2	谢了	0.8975	0.862	
91	00:03:12,160	00:03:15,119	2.959	脚本	第五集_结构化分镜脚本_gen2_全量重置版_R18主版_附平台安全替换.md	15	3	ep-005\source\monochrome-panels\第5話_10_003.jpg	0	虽然是个怪人但是她帮我付房费	0.9986	0.878	
92	00:03:15,189	00:03:16,880	1.691	脚本	第五集_结构化分镜脚本_gen2_全量重置版_R18主版_附平台安全替换.md	15	3	ep-005\source\monochrome-panels\第5話_10_003.jpg	1	她肯定是个大好人	0.9976	0.849	
93	00:03:17,160	00:03:21,224	4.064	脚本	第五集_结构化分镜脚本_gen2_全量重置版_R18主版_附平台安全替换.md	16	1	ep-005\source\monochrome-panels\第5話_10_004.jpg	0	一间标间和…特惠阁楼一间	0.8526	0.852	已复核
94	00:03:21,294	00:03:23,880	2.586	脚本	第五集_结构化分镜脚本_gen2_全量重置版_R18主版_附平台安全替换.md	16	1	ep-005\source\monochrome-panels\第5話_10_004.jpg	1	这是阁楼的钥匙	0.9971	0.839	
95	00:03:24,160	00:03:27,022	2.862	脚本	第五集_结构化分镜脚本_gen2_全量重置版_R18主版_附平台安全替换.md	16	2	ep-005\source\monochrome-panels\第5話_11_001.jpg	0	请…请给我换个标间	0.9516	0.867	
96	00:03:27,092	00:03:28,880	1.788	脚本	第五集_结构化分镜脚本_gen2_全量重置版_R18主版_附平台安全替换.md	16	2	ep-005\source\monochrome-panels\第5話_11_001.jpg	1	那个疯婊子…	0.953	0.872	
97	00:03:32,160	00:03:36,072	3.912	脚本	第五集_结构化分镜脚本_gen2_全量重置版_R18主版_附平台安全替换.md	17	2	ep-005\source\monochrome-panels\第5話_11_003.jpg	0	哈…好累吃完饭就睡觉吧	0.9452	0.866	
98	00:03:36,142	00:03:38,880	2.738	脚本	第五集_结构化分镜脚本_gen2_全量重置版_R18主版_附平台安全替换.md	17	2	ep-005\source\monochrome-panels\第5話_11_003.jpg	2	这地方有面馆吗？	0.9605	0.845	
99	00:03:39,160	00:03:39,921	0.761	脚本	第五集_结构化分镜脚本_gen2_全量重置版_R18主版_附平台安全替换.md	18	1	ep-005\source\monochrome-panels\第5話_12_001.jpg	0	哈？	0.9086	0.804	
100	00:03:39,991	00:03:41,766	1.775	脚本	第五集_结构化分镜脚本_gen2_全量重置版_R18主版_附平台安全替换.md	18	1	ep-005\source\monochrome-panels\第5話_12_001.jpg	0	这么多人做啥呢？	0.9086	0.804	
101	00:03:41,836	00:03:44,880	3.044	脚本	第五集_结构化分镜脚本_gen2_全量重置版_R18主版_附平台安全替换.md	18	1	ep-005\source\monochrome-panels\第5話_12_001.jpg	1	别是那个疯女人在打野战吧	0.9974	0.871	
102	00:03:45,150	00:03:47,880	2.73	脚本	第五集_结构化分镜脚本_gen2_全量重置版_R18主版_附平台安全替换.md	18	2	ep-005\source\monochrome-panels\第5話_12_002.jpg	0	不…不好意思麻烦让一让	0.9445	0.86	
103	00:03:48,160	00:03:50,450	2.29	脚本	第五集_结构化分镜脚本_gen2_全量重置版_R18主版_附平台安全替换.md	18	3	ep-005\source\monochrome-panels\第5話_12_002.jpg	1	这赏金也太火爆了	0.9998	0.817	
104	00:03:50,520	00:03:51,951	1.431	脚本	第五集_结构化分镜脚本_gen2_全量重置版_R18主版_附平台安全替换.md	18	3	ep-005\source\monochrome-panels\第5話_12_002.jpg	2	谁说不是呢？	0.9298	0.829	
105	00:03:52,021	00:03:52,880	0.859	脚本	第五集_结构化分镜脚本_gen2_全量重置版_R18主版_附平台安全替换.md	18	3	ep-005\source\monochrome-panels\第5話_12_002.jpg	3	赏金？	0.878	0.817	
106	00:03:56,150	00:03:57,290	1.14	脚本	第五集_结构化分镜脚本_gen2_全量重置版_R18主版_附平台安全替换.md	19	2	ep-005\source\monochrome-panels\第5話_12_004.jpg	0	…夺少？？？	0.8447	0.839	
107	00:03:57,360	00:03:58,880	1.52	脚本	第五集_结构化分镜脚本_gen2_全量重置版_R18主版_附平台安全替换.md	19	2	ep-005\source\monochrome-panels\第5話_12_004.jpg	1	五…五十亿？	0.8811	0.922	
108	00:03:59,160	00:04:04,880	5.72	脚本	第五集_结构化分镜脚本_gen2_全量重置版_R18主版_附平台安全替换.md	19	3	ep-005\source\monochrome-panels\第5話_13_001.jpg	0	甲角龙…几世纪前剑圣豪斯狩猎的魔物	0.8957	0.908	
109	00:04:05,160	00:04:09,940	4.78	脚本	第五集_结构化分镜脚本_gen2_全量重置版_R18主版_附平台安全替换.md	20	1	ep-005\source\monochrome-panels\第5話_13_002.jpg	0	所有人都觉得它灭绝了但是最近有人发现了它的踪迹	0.9958	0.873	
110	00:04:10,010	00:04:11,880	1.87	脚本	第五集_结构化分镜脚本_gen2_全量重置版_R18主版_附平台安全替换.md	20	1	ep-005\source\monochrome-panels\第5話_13_002.jpg	1	似乎存活了一只小的	0.9995	0.869	
111	00:04:12,160	00:04:16,288	4.128	脚本	第五集_结构化分镜脚本_gen2_全量重置版_R18主版_附平台安全替换.md	20	2	ep-005\source\monochrome-panels\第5話_13_003.jpg	0	这么多的赏金，是因为豪斯因它尽性至死吗？	0.9762	0.835	
112	00:04:16,358	00:04:18,880	2.522	脚本	第五集_结构化分镜脚本_gen2_全量重置版_R18主版_附平台安全替换.md	20	2	ep-005\source\monochrome-panels\第5話_13_003.jpg	1	所有的猎手都想要拿下它	0.9977	0.841	
113	00:04:19,150	00:04:20,290	1.14	脚本	第五集_结构化分镜脚本_gen2_全量重置版_R18主版_附平台安全替换.md	21	1	ep-005\source\monochrome-panels\第5話_13_004.jpg	0	啊？	0.9945	0.827	
114	00:04:20,360	00:04:21,880	1.52	脚本	第五集_结构化分镜脚本_gen2_全量重置版_R18主版_附平台安全替换.md	21	1	ep-005\source\monochrome-panels\第5話_13_004.jpg	0	谁问你了？	0.9945	0.827	
115	00:04:22,160	00:04:25,880	3.72	脚本	第五集_结构化分镜脚本_gen2_全量重置版_R18主版_附平台安全替换.md	21	2	ep-005\source\monochrome-panels\第5話_14_001.jpg	1	我们见过？	0.9886	0.859	
116	00:04:26,160	00:04:28,487	2.327	脚本	第五集_结构化分镜脚本_gen2_全量重置版_R18主版_附平台安全替换.md	21	3	ep-005\source\monochrome-panels\第5話_14_001.jpg	0	顺带提一嘴你看起来挺眼熟的	0.9964	0.816	
117	00:04:28,557	00:04:29,094	0.537	脚本	第五集_结构化分镜脚本_gen2_全量重置版_R18主版_附平台安全替换.md	21	3	ep-005\source\monochrome-panels\第5話_14_001.jpg	2	没吧。	0.9592	0.875	
118	00:04:29,164	00:04:29,880	0.716	脚本	第五集_结构化分镜脚本_gen2_全量重置版_R18主版_附平台安全替换.md	21	3	ep-005\source\monochrome-panels\第5話_14_001.jpg	2	你哪位啊？	0.9592	0.875	
119	00:04:30,160	00:04:31,203	1.043	脚本	第五集_结构化分镜脚本_gen2_全量重置版_R18主版_附平台安全替换.md	22	1	ep-005\source\monochrome-panels\第5話_14_002.jpg	0	五十亿啊…	0.9719	0.852	
120	00:04:31,273	00:04:33,880	2.607	脚本	第五集_结构化分镜脚本_gen2_全量重置版_R18主版_附平台安全替换.md	22	1	ep-005\source\monochrome-panels\第5話_14_002.jpg	1	足够三代的荣华富贵了！	0.9347	0.857	
121	00:04:34,160	00:04:35,724	1.564	脚本	第五集_结构化分镜脚本_gen2_全量重置版_R18主版_附平台安全替换.md	22	2	ep-005\source\monochrome-panels\第5話_14_003.jpg	0	甲角龙？	0.8862	0.899	
122	00:04:35,794	00:04:37,880	2.086	脚本	第五集_结构化分镜脚本_gen2_全量重置版_R18主版_附平台安全替换.md	22	2	ep-005\source\monochrome-panels\第5話_14_003.jpg	1	正合我意！	0.9921	0.828	
123	00:04:41,160	00:04:42,710	1.55	脚本	第五集_结构化分镜脚本_gen2_全量重置版_R18主版_附平台安全替换.md	23	2	ep-005\source\monochrome-panels\第5話_15_002.jpg	0	总算找到了	0.9987	0.853	
124	00:04:42,780	00:04:45,880	3.1	脚本	第五集_结构化分镜脚本_gen2_全量重置版_R18主版_附平台安全替换.md	23	2	ep-005\source\monochrome-panels\第5話_15_002.jpg	1	本店关门咯明天再来吧	0.991	0.893	
125	00:04:49,160	00:04:50,221	1.061	脚本	第五集_结构化分镜脚本_gen2_全量重置版_R18主版_附平台安全替换.md	23	4	ep-005\source\monochrome-panels\第5話_15_003.jpg	0	大叔硬举能做几个？	0.9574	0.815	
126	00:04:50,291	00:04:51,219	0.928	脚本	第五集_结构化分镜脚本_gen2_全量重置版_R18主版_附平台安全替换.md	23	4	ep-005\source\monochrome-panels\第5話_15_003.jpg	1	怎么突然问这个	0.9993	0.83	
127	00:04:51,289	00:04:52,880	1.591	脚本	第五集_结构化分镜脚本_gen2_全量重置版_R18主版_附平台安全替换.md	23	4	ep-005\source\monochrome-panels\第5話_15_003.jpg	2	不知道年轻的时候我很能做	0.9984	0.877	
128	00:04:53,150	00:04:55,880	2.73	脚本	第五集_结构化分镜脚本_gen2_全量重置版_R18主版_附平台安全替换.md	24	1	ep-005\source\monochrome-panels\第5話_15_004.jpg	0	那么一袋大米你能举多久？	0.9192	0.876	
129	00:04:56,160	00:04:58,330	2.17	脚本	第五集_结构化分镜脚本_gen2_全量重置版_R18主版_附平台安全替换.md	24	2	ep-005\source\monochrome-panels\第5話_15_004.jpg	1	那种一整天都行	0.9988	0.852	
130	00:04:58,400	00:04:59,950	1.55	脚本	第五集_结构化分镜脚本_gen2_全量重置版_R18主版_附平台安全替换.md	24	2	ep-005\source\monochrome-panels\第5話_15_004.jpg	2	问这个干啥？	0.9474	0.849	
131	00:05:00,020	00:05:01,880	1.86	脚本	第五集_结构化分镜脚本_gen2_全量重置版_R18主版_附平台安全替换.md	24	2	ep-005\source\monochrome-panels\第5話_15_004.jpg	2	你来做什么的？	0.9474	0.849	
132	00:05:02,160	00:05:03,145	0.985	脚本	第五集_结构化分镜脚本_gen2_全量重置版_R18主版_附平台安全替换.md	24	3	ep-005\source\monochrome-panels\第5話_16_001.jpg	0	很好！	0.9731	0.85	
133	00:05:03,215	00:05:05,841	2.626	脚本	第五集_结构化分镜脚本_gen2_全量重置版_R18主版_附平台安全替换.md	24	3	ep-005\source\monochrome-panels\第5話_16_001.jpg	0	把我举起来再放下	0.9731	0.85	
134	00:05:05,911	00:05:07,880	1.969	脚本	第五集_结构化分镜脚本_gen2_全量重置版_R18主版_附平台安全替换.md	24	3	ep-005\source\monochrome-panels\第5話_16_001.jpg	1	要做一整晚哦	0.9945	0.871	
