file	cue	reason	text	source
第13话_中文_原漫全量含估时.srt	3	短字幕(<0.65秒)	魔物？	ep-013\source\monochrome-panels\第13話_02_002.jpg
第13话_中文_原漫全量含估时.srt	5	短字幕(<0.65秒)	对。	ep-013\source\monochrome-panels\第13話_02_002.jpg
第13话_中文_原漫全量含估时.srt	8	短字幕(<0.65秒)	等等	ep-013\source\panels\第13话_3、4_003.jpg
第13话_中文_原漫全量含估时.srt	17	OCR置信度偏低，建议复核文字	这…这是…？！	ep-013\source\panels\第13话_5、6、7、8、9_003.jpg
第13话_中文_原漫全量含估时.srt	27	短字幕(<0.65秒)	哇哦！	ep-013\source\panels\第13话_5、6、7、8、9_010.jpg
第13话_中文_原漫全量含估时.srt	29	短字幕(<0.65秒)	是的，	ep-013\source\panels\第13话_5、6、7、8、9_010.jpg
第13话_中文_原漫全量含估时.srt	33	OCR置信度偏低，建议复核文字	嘎啊！！！	ep-013\source\panels\第13话_5、6、7、8、9_012.jpg
第13话_中文_原漫全量含估时.srt	47	短字幕(<0.65秒)	不，	ep-013\source\panels\第13话_12、13、14、15_001.jpg
第13话_中文_原漫全量含估时.srt	49	短字幕(<0.65秒)	恰露铃…	ep-013\source\panels\第13话_12、13、14、15_001.jpg
第13话_中文_原漫全量含估时.srt	63	短字幕(<0.65秒)	对了，	ep-013\source\panels\第13话_12、13、14、15_011.jpg
第13话_中文_原漫全量含估时.srt	79	短字幕(<0.65秒)	好吗？	ep-013\source\panels\第13话_16、17、18、19_011.jpg
第13话_中文_原漫全量含估时.srt	82	短字幕(<0.65秒)	淫那那	ep-013\source\monochrome-panels\第13話_20_001.jpg
第13话_中文_原漫全量含估时.srt	89	短字幕(<0.65秒)	恰露铃！！	ep-013\source\monochrome-panels\第13話_22_003.jpg
第13话_中文_原漫全量含估时.srt	92	短字幕(<0.65秒)	恰露铃！	ep-013\source\monochrome-panels\第13話_23_001.jpg
第13话_中文_原漫全量含估时.srt	93	短字幕(<0.65秒)	恰露铃！	ep-013\source\monochrome-panels\第13話_23_001.jpg
第13话_中文_原漫全量含估时.srt	126	短字幕(<0.65秒)	哦…！	ep-013\source\monochrome-panels\第13話_29_003.jpg
第13话_中文_原漫全量含估时.srt	128	短字幕(<0.65秒)	啊…！	ep-013\source\monochrome-panels\第13話_29_003.jpg
第13话_中文_分镜对齐.srt	3	短字幕(<0.65秒)	魔物？	ep-013\source\monochrome-panels\第13話_02_002.jpg
第13话_中文_分镜对齐.srt	5	短字幕(<0.65秒)	对。	ep-013\source\monochrome-panels\第13話_02_002.jpg
第13话_中文_分镜对齐.srt	8	短字幕(<0.65秒)	等等	ep-013\source\panels\第13话_3、4_003.jpg
第13话_中文_分镜对齐.srt	17	OCR置信度偏低，建议复核文字	这…这是…？！	ep-013\source\panels\第13话_5、6、7、8、9_003.jpg
第13话_中文_分镜对齐.srt	27	短字幕(<0.65秒)	哇哦！	ep-013\source\panels\第13话_5、6、7、8、9_010.jpg
第13话_中文_分镜对齐.srt	29	短字幕(<0.65秒)	是的，	ep-013\source\panels\第13话_5、6、7、8、9_010.jpg
第13话_中文_分镜对齐.srt	33	OCR置信度偏低，建议复核文字	嘎啊！！！	ep-013\source\panels\第13话_5、6、7、8、9_012.jpg
第13话_中文_分镜对齐.srt	47	短字幕(<0.65秒)	不，	ep-013\source\panels\第13话_12、13、14、15_001.jpg
第13话_中文_分镜对齐.srt	49	短字幕(<0.65秒)	恰露铃…	ep-013\source\panels\第13话_12、13、14、15_001.jpg
第13话_中文_分镜对齐.srt	63	短字幕(<0.65秒)	对了，	ep-013\source\panels\第13话_12、13、14、15_011.jpg
第13话_中文_分镜对齐.srt	79	短字幕(<0.65秒)	好吗？	ep-013\source\panels\第13话_16、17、18、19_011.jpg
第13话_中文_分镜对齐.srt	82	短字幕(<0.65秒)	淫那那	ep-013\source\monochrome-panels\第13話_20_001.jpg
第13话_中文_分镜对齐.srt	89	短字幕(<0.65秒)	恰露铃！！	ep-013\source\monochrome-panels\第13話_22_003.jpg
第13话_中文_分镜对齐.srt	92	短字幕(<0.65秒)	恰露铃！	ep-013\source\monochrome-panels\第13話_23_001.jpg
第13话_中文_分镜对齐.srt	93	短字幕(<0.65秒)	恰露铃！	ep-013\source\monochrome-panels\第13話_23_001.jpg
第13话_中文_分镜对齐.srt	97	镜头内字速偏快(11.1字/秒)	我…我可不知道你都做了啥我一点都没看见！	ep-013\source\monochrome-panels\第13話_23_004.jpg
第13话_中文_分镜对齐.srt	98	镜头内字速偏快(11.1字/秒)	我的意思是…算了，还是不用…	ep-013\source\monochrome-panels\第13話_23_004.jpg
第13话_中文_分镜对齐.srt	99	短字幕(<0.65秒)	呼咻…	ep-013\source\monochrome-panels\第13話_23_005.jpg
第13话_中文_分镜对齐.srt	100	镜头内字速偏快(11.1字/秒)；短字幕(<0.65秒)	你想让我靠近点？	ep-013\source\monochrome-panels\第13話_23_006.jpg
第13话_中文_分镜对齐.srt	103	镜头内字速偏快(16.8字/秒)；短字幕(<0.65秒)	你…你都做了什么！	ep-013\source\monochrome-panels\第13話_24_003.jpg
第13话_中文_分镜对齐.srt	104	镜头内字速偏快(16.8字/秒)；短字幕(<0.65秒)	我还没有准备好！	ep-013\source\monochrome-panels\第13話_24_003.jpg
第13话_中文_分镜对齐.srt	105	镜头内字速偏快(16.8字/秒)；短字幕(<0.65秒)	这真的太超过了！！	ep-013\source\monochrome-panels\第13話_24_004.jpg
第13话_中文_分镜对齐.srt	106	镜头内字速偏快(11.2字/秒)；短字幕(<0.65秒)	啊.！！	ep-013\source\monochrome-panels\第13話_24_004.jpg
第13话_中文_分镜对齐.srt	107	镜头内字速偏快(16.8字/秒)	我只是想感受一下，以后我再也不要这样做了…！！	ep-013\source\monochrome-panels\第13話_24_004.jpg
第13话_中文_分镜对齐.srt	108	镜头内字速偏快(11.2字/秒)；短字幕(<0.65秒)	啊…！！	ep-013\source\monochrome-panels\第13話_24_005.jpg
第13话_中文_分镜对齐.srt	109	镜头内字速偏快(16.8字/秒)	能感受到它的呼吸…我也要变得奇怪了…	ep-013\source\monochrome-panels\第13話_24_005.jpg
第13话_中文_分镜对齐.srt	110	镜头内字速偏快(16.8字/秒)；短字幕(<0.65秒)	我从没有被这样舔过…！	ep-013\source\monochrome-panels\第13話_24_005.jpg
第13话_中文_分镜对齐.srt	115	镜头内字速偏快(9.4字/秒)	你拿着那东西做什么还把胸露在外面。	ep-013\source\monochrome-panels\第13話_25_001.jpg
第13话_中文_分镜对齐.srt	116	镜头内字速偏快(9.4字/秒)	现在已经凌晨三点了	ep-013\source\monochrome-panels\第13話_25_001.jpg
第13话_中文_分镜对齐.srt	126	短字幕(<0.65秒)	哦…！	ep-013\source\monochrome-panels\第13話_29_003.jpg
第13话_中文_分镜对齐.srt	128	短字幕(<0.65秒)	啊…！	ep-013\source\monochrome-panels\第13話_29_003.jpg
